replications,trips_simulated,mean_observed_mins,mean_simulated_mins,mae_mins,rmse_mins
10,102240,52.89222613458529,52.584540623369854,6.419135628586332,8.296302528202187
