Distribution,Min,P25,Median,P75,Max,Mean,StdDev,IQR,Skewness
Observed,29.18,49.63,53.23,56.58,77.55,52.89222613458529,6.665454587303492,6.949999999999996,-0.26671417652432383
Proposed,33.18916666667598,43.892499999985255,46.52916666667831,49.53416666666744,73.33749999998447,46.975309753193976,4.360885365573047,5.641666666682184,0.6636673568278597
