replications,trips_simulated,mean_observed_mins,proposed_mean_mins,mae_mins,rmse_mins
10,102240,52.89222613458529,46.975309753193976,8.161570055751843,9.91128495242437
